<?xml version="1.0" encoding="UTF-8" standalone="yes"?>
<addon id="repository.mammamia" name="mammamia repo" version="1.0" provider-name="kevinkk62">
    <extension point="xbmc.addon.repository" name="mammamia repo">
        <dir>
            <info compressed="false">https://raw.githubusercontent.com/kevinkk62/repository.mammamia/master/repo/zips/addons.xml</info>
            <checksum>https://raw.githubusercontent.com/kevinkk62/repository.mammamia/master/repo/zips/addons.xml.md5</checksum>
            <datadir zip="true">https://raw.githubusercontent.com/kevinkk62/repository.mammamia/master/repo/zips/</datadir>
        </dir>
    </extension>
    <extension point="xbmc.addon.metadata">
        <summary>mammamia repo</summary>
        <description>basta pagare, inizia a guardare - da kevinkk62</description>
        <disclaimer></disclaimer>
        <platform>all</platform>
        <assets>
            <icon>icon.png</icon>
            <fanart>fanart.jpg</fanart>
        </assets>
    </extension>
</addon>